cdmTableName,schema,isRequired,conceptPrefix,measurePersonCompleteness,measurePersonCompletenessThreshold,validation,tableDescription,userGuidance,etlConventions
PERSON,CDM,Yes,,No,,,"This table serves as the central identity management for of all Persons in the database. It contains records that uniquely identify each person or patient, and some demographic information.",All records in this table are independent Persons.,"All Persons in a database need one record in this table, unless they fail data quality requirements specified in the ETL. Persons with no Events should have a record nonetheless. If more than one data source contributes Events to the database, Persons must be reconciled across the sources to create one single record per Person. The content of the BIRTH_DATETIME must be equivalent to the content of BIRTH_DAY, BIRTH_MONTH and BIRTH_YEAR."
OBSERVATION_PERIOD,CDM,Yes,,Yes,0,,"This table contains records which define spans of time during which two conditions are expected to hold: (i) Clinical Events that happened to the Person are recorded in the Event tables, and (ii) absense of records indicate such Events did not occur during this span of time.","For each Person, one or more OBSERVATION_PERIOD records may be present, but they will not overlap or be back to back to each other. Events may exist outside all of the time spans of the OBSERVATION_PERIOD records for a patient, however, absence of an Event outside these time spans cannot be construed as evidence of absence of an Event. Incidence or prevalence rates should only be calculated for the time of active OBSERVATION_PERIOD records. When constructing cohorts, outside Events can be used for inclusion criteria definition, but without any guarantee for the performance of these criteria. Also, OBSERVATION_PERIOD records can be as short as a single day, greatly disturbing the denominator of any rate calculation as part of cohort characterizations. To avoid that, apply minimal observation time as a requirement for any cohort definition.","Each Person needs to have at least one OBSERVATION_PERIOD record, which should be represent time intervals with a high capture rate of Clinical Events. Some source data have very similar concepts, such as enrolment periods in insurance claims data. In other source data such as most EHR systems these time spans need to be inferred under a set of assumptions. It is the discretion of the ETL developer to define these assumptions. In many ETL solutions the start date of the first occurrence or the first high quality occurrence of a Clinical Event (Condition, Drug, Procedure, Device, Measurement, Visit) is defined as the start of the OBSERVATION_PERIOD record, and the end date of the last occurrence of last high quality occurrence of a Clinical Event, or the end of the database period becomes the end of the OBSERVATOIN_PERIOD for each Person. If a Person only has a single Clinical Event the OBSERVATION_PERIOD record can be as short as one day. Depending on these definitions it is possible, that Clinical Events fall outside the time spans defined by OBSERVATION_PERIOD records. Family history or history of Clinical Events generally are not used to generate OBSERVATION_PERIOD records around the time they are referring to. Any two overlapping or adjacent OBSERVATION_PERIOD records have to be merged into one."
VISIT_OCCURRENCE,CDM,No,VISIT_,Yes,0,,"This table contains Events where Persons engage with the healthcare system for a duration of time. They are often also called ""Encounters"". Visits are defined by a configuration of circumstances under which they occur, such as (i) whether the patient comes to a healthcare institution, the other way around, or the interaction is remote, (ii) whether and what kind of trained medical staff is delivering the service during the Visit, and (iii) whether the Visit is transient or for a longer period involving a stay in bed. ","The configuration defining the Visit are described by Concepts in the Visit Domain, which form a hierarchical structure, but rolling up to generally familiar Visits adopted in most healthcare systems worldwide:

- Inpatient Visit: Person visiting hospital, at a Care Site, in bed, for duration of more than one day, with physicians and other Providers permanently available to deliver service around the clock 
- Emergency Room Visit: Person visiting dedicated healthcare institution for treating emergencies, at a Care Site, within one day, with physicians and Providers permanently available to deliver service around the clock
- Emergency Room and Inpatient Visit: Person visiting ER follwed by a subsequent Inpatient Visit, where Emergency department is part of hospital, and transition from the ER to other hospital departments is undefined
- Non-hospital institution Visit: Person visiting dedicated institution for reasons of poor health, at a Care Site, long-term or permanently, with no physician but possibly other Providers permanently available to deliver service around the clock
- Outpatient Visit: Person visiting dedicated ambulatory healthcare institution, at a Care Site, within one day, without bed, with physicians or medical Providers delivering service during Visit
- Home Visit: Provider visiting Person, without a Care Site, within one day, delivering service
- Telehealth Visit: Patient engages with Provider through communication media
- Pharmacy Visit: Person visiting pharmacy for dispensing of Drug, at a Care Site, within one day
- Laboratory Visit: Patient visiting dedicated institution, at a Care Site, within one day, for the purpose of a Measurement.
- Ambulance Visit: Person using transportation service for the purpose of initiating one of the other Visits, without a Care Site, within one day, potentially with Providers accompanying the Visit and delivering service
- Case Management Visit: Person interacting with healthcare system, without a Care Site, within a day, with no Providers involved, for administrative purposes

The Visit duration, or 'length of stay', is defined as VISIT_END_DATE - VISIT_START_DATE. For all Visits this is <1 day, except Inpatient Visits and Non-hospital institution Visits. The CDM also contains the VISIT_DETAIL table where additional information about the Visit is stored, for example, transfers between units during an inpatient Visit.","Visits can be derived easily if the source data contain coding systems for Place of Service or Procedures, like CPT codes for well visits. In those cases, the codes can be looked up and mapped to a Standard Visit Concept. Otherwise, Visit Concepts have to be identified in the ETL process. This table will contain concepts in the Visit domain. These concepts are arranged in a hierarchical structure to facilitate cohort definitions by rolling up to generally familiar Visits adopted in most healthcare systems worldwide. Visits can be adjacent to each other, i.e. the end date of one can be identical with the start date of the other. As a consequence, more than one-day Visits or their descendants can be recorded for the same day. Multi-day visits must not overlap, i.e. share days other than start and end days. It is often the case that some logic should be written for how to define visits and how to assign Visit_Concept_Id. For example, in US claims outpatient visits that appear to occur within the time period of an inpatient visit can be rolled into one with the same Visit_Occurrence_Id. In EHR data inpatient visits that are within one day of each other may be strung together to create one visit. It will all depend on the source data and how encounter records should be translated to visit occurrences. Providers can be associated with a Visit through the PROVIDER_ID field, or indirectly through PROCEDURE_OCCURRENCE records linked both to the VISIT and PROVIDER tables."
CONDITION_OCCURRENCE,CDM,No,CONDITION_,Yes,0,,"This table contains records of Events of a Person suggesting the presence of a disease or medical condition stated as a diagnosis, a sign, or a symptom, which is either observed by a Provider or reported by the patient.","Conditions span a time interval from start to end, but are typically recorded as single snapshot records with no end date. The reason is twofold: (i) At the time of the recording the duration is not known and later not recorded, and (ii) the Persons typically cease interacting with the healthcare system when they feel better, which leads to incomplete capture of resolved Conditions. The CONDITION_ERA table addresses this issue. Conditions are defined by Concepts from the Condition domain, which form a complex hierarchy. As a result, the same Person with the same disease may have multiple Condition records, which belong to the same hierarchical family. Most Condition records are mapped from diagnostic codes, but recorded signs, symptoms and summary descriptions also contribute to this table. Rule out diagnosis should not be recorded in this table, but in reality their negating nature is not always captured in the source data, and other precautions must be taken when when identifying Persons who should suffer from the recorded Condition.","Source codes and source text fields mapped to Standard Concepts of the Condition Domain have to be recorded here. Family history and past diagnoses ('history of') are not recorded in this table. Instead, they are listed in the OBSERVATION table. Codes written in the process of establishing the diagnosis, such as 'question of' of and 'rule out', should not represented here. Instead, they should be recorded in the OBSERVATION table, if they are used for analyses. However, this information is not always available."
DRUG_EXPOSURE,CDM,No,DRUG_,Yes,0,,This table captures records about the exposure to a Drug ingested or otherwise introduced into the body. A Drug is a biochemical substance formulated in such a way that when administered to a Person it will exert a certain biochemical effect on the metabolism.,"Drugs include prescription and over-the-counter medicines, vaccines, and large-molecule biologic therapies. ","When the Drug Source Value of the code cannot be translated into Standard Drug Concept IDs, a Drug exposure entry is stored with only the corresponding SOURCE_CONCEPT_ID and DRUG_SOURCE_VALUE and a DRUG_CONCEPT_ID of 0. The Drug Concept with the most detailed content of information is preferred during the mapping process. These are indicated in the CONCEPT_CLASS_ID field of the Concept and are recorded in the following order of precedence: 'Branded Pack', 'Clinical Pack', 'Branded Drug', 'Clinical Drug', 'Branded Drug Component', 'Clinical Drug Component', 'Branded Drug Form', 'Clinical Drug Form', and only if no other information is available 'Ingredient'. Note: If only the drug class is known, the DRUG_CONCEPT_ID field should contain 0."
PROCEDURE_OCCURRENCE,CDM,No,PROCEDURE_,Yes,0,,"The PROCEDURE_OCCURRENCE table contains records of activities or processes ordered by, or carried out by, a healthcare provider on the patient to have a diagnostic or therapeutic purpose.",,"Procedures are expected to be carried out within one day and therefore have no end date. When dealing with duplicate records, the ETL must determine whether to sum them up into one record or keep them separate. Things to consider are:
- Same Procedure
- Same PROCEDURE_DATETIME
- Same Visit Occurrence or Visit Detail
- Same Provider
- Same Modifier for Procedures
- Same COST_ID"
DEVICE_EXPOSURE,CDM,No,DEVICE_,Yes,0,,"The Device domain captures information about a person's exposure to a foreign physical object or instrument which is used for diagnostic or therapeutic purposes through a mechanism beyond chemical action. Devices include implantable objects (e.g. pacemakers, stents, artificial joints), medical equipment and supplies (e.g. bandages, crutches, syringes), other instruments used in medical procedures (e.g. sutures, defibrillators) and material used in clinical care (e.g. adhesives, body material, dental material, surgical material).","The distinction between Devices or supplies and Procedures are sometimes blurry, but the former are physical objects while the latter are actions, often to apply a Device or supply.","When dealing with duplicate records, the ETL must determine whether to sum them up into one record or keep them separate. Things to consider are:
- Same Device/Procedure
- Same DEVICE_EXPOSURE_START_DATETIME
- Same Visit Occurrence or Visit Detail
- Same Provider
- Same Modifier for Procedures
- Same COST_ID"
MEASUREMENT,CDM,No,MEASUREMENT_,Yes,0,,"The MEASUREMENT table contains records of Measurement, i.e. structured values (numerical or categorical) obtained through systematic and standardized examination or testing of a Person or Person's sample. The MEASUREMENT table contains both orders and results of such Measurements as laboratory tests, vital signs, quantitative findings from pathology reports, etc. Measurements are stored as attribute value pairs, with the attribute as the Measurement Concept and the value representing the result. The value can be a Concept (stored in VALUE_AS_CONCEPT), or a numerical value (VALUE_AS_NUMBER) with a Unit (UNIT_CONCEPT_ID).","Measurements differ from Observations in that they require a standardized test or some other activity to generate a quantitative or qualitative result. For example, LOINC 1755-8 concept_id 3027035 'Albumin [Mass/time] in 24 hour Urine' is the lab test to measure a certain chemical in a urine sample. Even though each Measurement always have a result, the fields VALUE_AS_NUMBER and VALUE_AS_CONCEPT_ID are not mandatory. When the result is not known, the Measurement record represents just the fact that the corresponding Measurement was carried out, which in itself is already useful information for some use cases.","Even though each Measurement always have a result, the fields VALUE_AS_NUMBER and VALUE_AS_CONCEPT_ID are not mandatory. When the result is not known, the Measurement record represents just the fact that the corresponding Measurement was carried out, which in itself is already useful information for some use cases. For some Measurement Concepts, the result is included in the test. For example, ICD10 concept_id 45595451 'Presence of alcohol in blood, level not specified' indicates a Measurement and the result (present). In those situations, the CONCEPT_RELATIONSHIP table in addition to the 'Maps to' record contains a second record with the relationship_id set to 'Maps to value'. In this example, the 'Maps to' relationship directs to 4041715 'Blood ethanol measurement' as well as a 'Maps to value' record to 4181412 'Present'."
VISIT_DETAIL,CDM,No,VISIT_DETAIL_,Yes,0,,The VISIT_DETAIL table is an optional table used to represents details of each record in the parent visit_occurrence table. For every record in visit_occurrence table there may be 0 or more records in the visit_detail table with a 1:n relationship where n may be 0. The visit_detail table is structurally very similar to visit_occurrence table and belongs to the similar domain as the visit.,,
NOTE,CDM,No,,Yes,0,,The NOTE table captures unstructured information that was recorded by a provider about a patient in free text notes on a given date.,,"The NOTE table contains free text (in ASCII, or preferably in UTF8 format). The type of note_text is CLOB or varchar(MAX) depending on RDBMS. Mapping of clinical documents to Clinical Document Ontology (CDO) and standard terminology
HL7/LOINC CDO is a standard for consistent naming of documents to support a range of use cases: retrieval, organization, display, and exchange. It guides the creation of LOINC codes for clinical notes. CDO annotates each document with 5 dimensions:

Kind of Document: Characterizes the general structure of the document at a macro level (e.g. Anesthesia Consent)
Type of Service: Characterizes the kind of service or activity (e.g. evaluations, consultations, and summaries). The notion of time sequence, e.g., at the beginning (admission) at the end (discharge) is subsumed in this axis. Example: Discharge Teaching.
Setting: Setting is an extension of CMS's definitions (e.g. Inpatient, Outpatient)
Subject Matter Domain (SMD): Characterizes the subject matter domain of a note (e.g. Anesthesiology)
Role: Characterizes the training or professional level of the author of the document, but does not break down to specialty or subspecialty (e.g. Physician)
Each combination of these 5 dimensions rolls up to a unique LOINC code.

According to CDO requirements, only 2 of the 5 dimensions are required to properly annotate a document: Kind of Document and any one of the other 4 dimensions.
However, not all the permutations of the CDO dimensions will necessarily yield an existing LOINC code.2 HL7/LOINC workforce is committed to establish new LOINC codes for each new encountered combination of CDO dimensions.
The full document ontology as it exists in the Vocabulary is too extensive to list here, but it is possible to explore through the ATHENA tool starting with the 'LOINC Document Ontology - Type of Service and Kind of Document' by walking through the 'Is a'/'Subsumes' relationship hierarchies."
NOTE_NLP,CDM,No,,No,,,The NOTE_NLP table will encode all output of NLP on clinical notes. Each row represents a single extracted term from a note.,,
OBSERVATION,CDM,No,OBSERVATION_,Yes,0,,"The OBSERVATION table captures clinical facts about a Person obtained in the context of examination, questioning or a procedure. Any data that cannot be represented by any other domains, such as social and lifestyle facts, medical history, family history, etc. are recorded here.",,"Observations differ from Measurements in that they do not require a standardized test or some other activity to generate clinical fact. Typical observations are medical history, family history, the stated need for certain treatment, social circumstances, lifestyle choices, healthcare utilization patterns, etc. If the generation clinical facts requires a standardized testing such as lab testing or imaging and leads to a standardized result, the data item is recorded in the MEASUREMENT table. If the clinical fact observed determines a sign, symptom, diagnosis of a disease or other medical condition, it is recorded in the CONDITION_OCCURRENCE table. Observations can be stored as attribute value pairs, with the attribute as the Observation Concept and the value representing the clinical fact. This fact can be a Concept (stored in VALUE_AS_CONCEPT), a numerical value (VALUE_AS_NUMBER), a verbatim string (VALUE_AS_STRING), or a datetime (VALUE_AS_DATETIME). Even though Observations do not have an explicit result, the clinical fact can be stated separately from the type of Observation in the VALUE_AS_* fields. It is recommended for Observations that are suggestive statements of positive assertion should have a value of 'Yes' (concept_id=4188539), recorded, even though the null value is the equivalent. "
SPECIMEN,CDM,No,SPECIMEN_,Yes,0,,The specimen domain contains the records identifying biological samples from a person.,,"Anatomic site is coded at the most specific level of granularity possible, such that higher level classifications can be derived using the Standardized Vocabularies."
FACT_RELATIONSHIP,CDM,No,,No,,,"The FACT_RELATIONSHIP table contains records about the relationships between facts stored as records in any table of the CDM. Relationships can be defined between facts from the same domain, or different domains. Examples of Fact Relationships include: Person relationships (parent-child), care site relationships (hierarchical organizational structure of facilities within a health system), indication relationship (between drug exposures and associated conditions), usage relationships (of devices during the course of an associated procedure), or facts derived from one another (measurements derived from an associated specimen).",,"All relationships are directional, and each relationship is represented twice symmetrically within the FACT_RELATIONSHIP table. For example, two persons if person_id = 1 is the mother of person_id = 2 two records are in the FACT_RELATIONSHIP table (all strings in fact concept_id records in the Concept table:
- Person, 1, Person, 2, parent of
- Person, 2, Person, 1, child of"
LOCATION,CDM,No,,No,,,The LOCATION table represents a generic way to capture physical location or address information of Persons and Care Sites.,"For standardized geospatial visualization and analysis, addresses need to be, at the minimum be geocoded into latitude and longitude.","Each address or Location is unique and is present only once in the table. Locations do not contain names, such as the name of a hospital. In order to construct a full address that can be used in the postal service, the address information from the Location needs to be combined with information from the Care Site."
CARE_SITE,CDM,No,,No,,,"The CARE_SITE table contains a list of uniquely identified institutional (physical or organizational) units where healthcare delivery is practiced (offices, wards, hospitals, clinics, etc.).",,"Care site is a unique combination of location_id and place_of_service_source_value. Care site does not take into account the provider (human) information such a specialty. Many source data do not make a distinction between individual and institutional providers. The CARE_SITE table contains the institutional providers. If the source, instead of uniquely identifying individual Care Sites, only provides limited information such as Place of Service, generic or ""pooled"" Care Site records are listed in the CARE_SITE table. There can be hierarchical and business relationships between Care Sites. For example, wards can belong to clinics or departments, which can in turn belong to hospitals, which in turn can belong to hospital systems, which in turn can belong to HMOs.The relationships between Care Sites are defined in the FACT_RELATIONSHIP table."
PROVIDER,CDM,No,,No,,,"The PROVIDER table contains a list of uniquely identified healthcare providers. These are individuals providing hands-on healthcare to patients, such as physicians, nurses, midwives, physical therapists etc.","Many sources do not make a distinction between individual and institutional providers. The PROVIDER table contains the individual providers. If the source, instead of uniquely identifying individual providers, only provides limited information such as specialty, generic or 'pooled' Provider records are listed in the PROVIDER table.",
PAYER_PLAN_PERIOD,CDM,No,,Yes,0,,"The PAYER_PLAN_PERIOD table captures details of the period of time that a Person is continuously enrolled under a specific health Plan benefit structure from a given Payer. Each Person receiving healthcare is typically covered by a health benefit plan, which pays for (fully or partially), or directly provides, the care. These benefit plans are provided by payers, such as health insurances or state or government agencies. In each plan the details of the health benefits are defined for the Person or her family, and the health benefit Plan might change over time typically with increasing utilization (reaching certain cost thresholds such as deductibles), plan availability and purchasing choices of the Person. The unique combinations of Payer organizations, health benefit Plans and time periods in which they are valid for a Person are recorded in this table.","A Person can have multiple, overlapping, Payer_Plan_Periods in this table. For example, medical and drug coverage in the US can be represented by two Payer_Plan_Periods. The details of the benefit structure of the Plan is rarely known, the idea is just to identify that the Plans are different.",
COST,CDM,No,,No,,,"The COST table captures records containing the cost of any medical event recorded in one of the OMOP clinical event tables such as DRUG_EXPOSURE, PROCEDURE_OCCURRENCE, VISIT_OCCURRENCE, VISIT_DETAIL, DEVICE_OCCURRENCE, OBSERVATION or MEASUREMENT.

Each record in the cost table account for the amount of money transacted for the clinical event. So, the COST table may be used to represent both receivables (charges) and payments (paid), each transaction type represented by its COST_CONCEPT_ID. The COST_TYPE_CONCEPT_ID field will use concepts in the Standardized Vocabularies to designate the source (provenance) of the cost data. A reference to the health plan information in the PAYER_PLAN_PERIOD table is stored in the record for information used for the adjudication system to determine the persons benefit for the clinical event.","When dealing with summary costs, the cost of the goods or services the provider provides is often not known directly, but derived from the hospital charges multiplied by an average cost-to-charge ratio.","One cost record is generated for each response by a payer. In a claims databases, the payment and payment terms reported by the payer for the goods or services billed will generate one cost record. If the source data has payment information for more than one payer (i.e. primary insurance and secondary insurance payment for one entity), then a cost record is created for each reporting payer. Therefore, it is possible for one procedure to have multiple cost records for each payer, but typically it contains one or no record per entity. Payer reimbursement cost records will be identified by using the PAYER_PLAN_ID field. Drug costs are composed of ingredient cost (the amount charged by the wholesale distributor or manufacturer), the dispensing fee (the amount charged by the pharmacy and the sales tax)."
DRUG_ERA,CDM,No,,Yes,0,,"A Drug Era is defined as a span of time when the Person is assumed to be exposed to a particular active ingredient. A Drug Era is not the same as a Drug Exposure: Exposures are individual records corresponding to the source when Drug was delivered to the Person, while successive periods of Drug Exposures are combined under certain rules to produce continuous Drug Eras.",,
DOSE_ERA,CDM,No,,Yes,0,,A Dose Era is defined as a span of time when the Person is assumed to be exposed to a constant dose of a specific active ingredient.,,"Dose Eras will be derived from records in the DRUG_EXPOSURE table and the Dose information from the DRUG_STRENGTH table using a standardized algorithm. Dose Form information is not taken into account. So, if the patient changes between different formulations, or different manufacturers with the same formulation, the Dose Era is still spanning the entire time of exposure to the Ingredient. The total dose of a DRUG_EXPOSURE record is calculated with the help of the DRUG_STRENGTH table containing the dosage information for each drug as following:

5 Tablets and other fixed amount formulations
Example: Acetaminophen (Paracetamol) 500 mg, 20 tablets.
DRUG_STRENGTH The denominator_unit is empty
DRUG_EXPOSURE The quantity refers to number of pieces, e.g. tablets
In the example: 20
Ingredient dose= quantity x amount_value [amount_unit_concept_id]
Acetaminophen dose = 20 x 500mg = 10,000mg
6 Puffs of an inhaler
Note: There is no difference to use case 1 besides that the DRUG_STRENGTH table may put {actuat} in the denominator unit. In this case the strength is provided in the numerator.
DRUG_STRENGTH The denominator_unit is {actuat}
DRUG_EXPOSURE The quantity refers to the number of pieces, e.g. puffs
Ingredient dose= quantity x numerator_value [numerator_unit_concept_id]
7 Quantified Drugs which are formulated as a concentration
Example: The Clinical Drug is Acetaminophen 250 mg/mL in a 5mL oral suspension. The Quantified Clinical Drug would have 1250 mg / 5 ml in the DRUG_STRENGTH table. Two suspensions are dispensed.
DRUG_STRENGTH The denominator_unit is either mg or mL. The denominator_value might be different from 1.
DRUG_EXPOSURE The quantity refers to a fraction or, multiple of the pack.
Example: 2
Ingredient dose= quantity x numerator_value [numerator_unit_concept_id]
Acetaminophen dose = 2 x 1250mg = 2500mg
8 Drugs with the total amount provided in quantity, e.g. chemotherapeutics
Example: 42799258 ""Benzyl Alcohol 0.1 ML/ML / Pramoxine hydrochloride 0.01 MG/MG Topical Gel"" dispensed in a 1.25oz pack.
DRUG_STRENGTH The denominator_unit is either mg or mL.
Example: Benzyl Alcohol in mL and Pramoxine hydrochloride in mg
DRUG_EXPOSURE The quantity refers to mL or g.
Example: 1.25 x 30 (conversion factor oz -> mL) = 37
Ingredient dose= quantity x numerator_value [numerator_unit_concept_id]
Benzyl Alcohol dose = 37 x 0.1mL = 3.7mL
Pramoxine hydrochloride dose = 37 x 0.01mg x 1000 = 370mg
Note: The analytical side should check the denominator in the DRUG_STRENGTH table. As mg is used for the second ingredient the factor 1000 will be applied to convert between g and mg.
9 Compounded drugs
Example: Ibuprofen 20%/Piroxicam 1% Cream, 30ml in 5ml tubes.
DRUG_STRENGTH We need entries for the ingredients of Ibuprofen and Piroxicam, probably with an amount_value of 1 and a unit of mg.
DRUG_EXPOSURE The quantity refers to the total amount of the compound. Use one record in the DRUG_EXPOSURE table for each compound.
Example: 20% Ibuprofen of 30ml = 6mL, 1% Piroxicam of 30ml = 0.3mL
Ingredient dose= Depends on the drugs involved: One of the use cases above.
Ibuprofen dose = 6 x 1mg x 1000 = 6000mg
Piroxicam dose = 0.3 x 1mg x 1000 = 300mg
Note: The analytical side determines that the denominator for both ingredients in the DRUG_STRENGTH table is mg and applies the factor 1000 to convert between mL/g and mg.
10 Drugs with the active ingredient released over time, e.g. patches
Example: Ethinyl Estradiol 0.000833 MG/HR / norelgestromin 0.00625 MG/HR Weekly Transdermal Patch
DRUG_STRENGTH The denominator units refer to hour.
Example: Ethinyl Estradiol 0.000833 mg/h / norelgestromin 0.00625 mg/h
DRUG_EXPOSURE The quantity refers to the number of pieces.
Example: 1 patch
Ingredient rate= numerator_value [numerator_unit_concept_id]
Ethinyl Estradiol rate = 0.000833 mg/h
norelgestromin rate 0.00625 mg/h
Note: This can be converted to a daily dosage by multiplying it with 24. (Assuming 1 patch at a time for at least 24 hours)"
CONDITION_ERA,CDM,No,,Yes,0,,"A Condition Era is defined as a span of time when the Person is assumed to have a given condition. Similar to Drug Eras, Condition Eras are chronological periods of Condition Occurrence. Combining individual Condition Occurrences into a single Condition Era serves two purposes:

It allows aggregation of chronic conditions that require frequent ongoing care, instead of treating each Condition Occurrence as an independent event.
It allows aggregation of multiple, closely timed doctor visits for the same Condition to avoid double-counting the Condition Occurrences.
For example, consider a Person who visits her Primary Care Physician (PCP) and who is referred to a specialist. At a later time, the Person visits the specialist, who confirms the PCP's original diagnosis and provides the appropriate treatment to resolve the condition. These two independent doctor visits should be aggregated into one Condition Era.",,"Each Condition Era corresponds to one or many Condition Occurrence records that form a continuous interval.
The condition_concept_id field contains Concepts that are identical to those of the CONDITION_OCCURRENCE table records that make up the Condition Era. In contrast to Drug Eras, Condition Eras are not aggregated to contain Conditions of different hierarchical layers.
The Condition Era Start Date is the start date of the first Condition Occurrence.
The Condition Era End Date is the end date of the last Condition Occurrence. Condition Eras are built with a Persistence Window of 30 days, meaning, if no occurrence of the same condition_concept_id happens within 30 days of any one occurrence, it will be considered the condition_era_end_date."
CONCEPT,VOCAB,No,,No,,,"The Standardized Vocabularies contains records, or Concepts, that uniquely identify each fundamental unit of meaning used to express clinical information in all domain tables of the CDM. Concepts are derived from vocabularies, which represent clinical information across a domain (e.g. conditions, drugs, procedures) through the use of codes and associated descriptions. Some Concepts are designated Standard Concepts, meaning these Concepts can be used as normative expressions of a clinical entity within the OMOP Common Data Model and within standardized analytics. Each Standard Concept belongs to one domain, which defines the location where the Concept would be expected to occur within data tables of the CDM.

Concepts can represent broad categories (like 'Cardiovascular disease'), detailed clinical elements ('Myocardial infarction of the anterolateral wall') or modifying characteristics and attributes that define Concepts at various levels of detail (severity of a disease, associated morphology, etc.).

Records in the Standardized Vocabularies tables are derived from national or international vocabularies such as SNOMED-CT, RxNorm, and LOINC, or custom Concepts defined to cover various aspects of observational data analysis. For a detailed description of these vocabularies, their use in the OMOP CDM and their relationships to each other please refer to the [specifications](http://www.ohdsi.org/web/wiki/doku.php?id=documentation:vocabulary).",,
VOCABULARY,VOCAB,No,,No,,,The VOCABULARY table includes a list of the Vocabularies collected from various sources or created de novo by the OMOP community. This reference table is populated with a single record for each Vocabulary source and includes a descriptive name and other associated attributes for the Vocabulary.,,
DOMAIN,VOCAB,No,,No,,,"The DOMAIN table includes a list of OMOP-defined Domains the Concepts of the Standardized Vocabularies can belong to. A Domain defines the set of allowable Concepts for the standardized fields in the CDM tables. For example, the ""Condition"" Domain contains Concepts that describe a condition of a patient, and these Concepts can only be stored in the condition_concept_id field of the CONDITION_OCCURRENCE and CONDITION_ERA tables. This reference table is populated with a single record for each Domain and includes a descriptive name for the Domain.",,
CONCEPT_CLASS,VOCAB,No,,No,,,"The CONCEPT_CLASS table is a reference table, which includes a list of the classifications used to differentiate Concepts within a given Vocabulary. This reference table is populated with a single record for each Concept Class.",,
CONCEPT_RELATIONSHIP,VOCAB,No,,No,,,The CONCEPT_RELATIONSHIP table contains records that define direct relationships between any two Concepts and the nature or type of the relationship. Each type of a relationship is defined in the RELATIONSHIP table.,,
RELATIONSHIP,VOCAB,No,,No,,,The RELATIONSHIP table provides a reference list of all types of relationships that can be used to associate any two concepts in the CONCEPT_RELATIONSHP table.,,
CONCEPT_SYNONYM,VOCAB,No,,No,,,The CONCEPT_SYNONYM table is used to store alternate names and descriptions for Concepts.,,
CONCEPT_ANCESTOR,VOCAB,No,,No,,,"The CONCEPT_ANCESTOR table is designed to simplify observational analysis by providing the complete hierarchical relationships between Concepts. Only direct parent-child relationships between Concepts are stored in the CONCEPT_RELATIONSHIP table. To determine higher level ancestry connections, all individual direct relationships would have to be navigated at analysis time. The CONCEPT_ANCESTOR table includes records for all parent-child relationships, as well as grandparent-grandchild relationships and those of any other level of lineage. Using the CONCEPT_ANCESTOR table allows for querying for all descendants of a hierarchical concept. For example, drug ingredients and drug products are all descendants of a drug class ancestor.

This table is entirely derived from the CONCEPT, CONCEPT_RELATIONSHIP and RELATIONSHIP tables.",,
SOURCE_TO_CONCEPT_MAP,VOCAB,No,,No,,,"The source to concept map table is a legacy data structure within the OMOP Common Data Model, recommended for use in ETL processes to maintain local source codes which are not available as Concepts in the Standardized Vocabularies, and to establish mappings for each source code into a Standard Concept as target_concept_ids that can be used to populate the Common Data Model tables. The SOURCE_TO_CONCEPT_MAP table is no longer populated with content within the Standardized Vocabularies published to the OMOP community.",,
DRUG_STRENGTH,VOCAB,No,,No,,,The DRUG_STRENGTH table contains structured content about the amount or concentration and associated units of a specific ingredient contained within a particular drug product. This table is supplemental information to support standardized analysis of drug utilization.,,
COHORT_DEFINITION,VOCAB,No,,No,,,"The COHORT_DEFINITION table contains records defining a Cohort derived from the data through the associated description and syntax and upon instantiation (execution of the algorithm) placed into the COHORT table. Cohorts are a set of subjects that satisfy a given combination of inclusion criteria for a duration of time. The COHORT_DEFINITION table provides a standardized structure for maintaining the rules governing the inclusion of a subject into a cohort, and can store operational programming code to instantiate the cohort within the OMOP Common Data Model.",,
ATTRIBUTE_DEFINITION,VOCAB,No,,No,,,"The ATTRIBUTE_DEFINITION table contains records to define each attribute
through an associated description and syntax. Attributes are derived elements
that can be selected or calculated for a subject within a cohort. The
ATTRIBUTE_DEFINITION table provides a standardized structure for
maintaining the rules governing the calculation of covariates for a subject in a
cohort, and can store operational programming code to instantiate the
attributes for a given cohort within the OMOP Common Data Model.",,
METADATA,CDM,No,,No,,,The METADATA table contains metadata information about a dataset that has been transformed to the OMOP Common Data Model.,,
CDM_SOURCE,CDM,No,,No,,,The CDM_SOURCE table contains detail about the source database and the process used to transform the data into the OMOP Common Data Model.,,
DEATH,CDM,No,,No,,,"The death domain contains the clinical event for how and when a Person dies. A person can have up to one record if the source system contains evidence about the Death, such as: Condition Code in the Header or Detail information of claims, Status of enrollment into a health plan, explicit record in EHR data.",,
